0,0,0,0,0,0,0,0,0,0,0,0,0,0,0,0,0,0,0,0,0,0,0,0,0,0,0,0
0,0,0,0,0,0,0,0,0,0,0,0,0,0,0,0,0,0,0,0,0,0,0,0,0,0,0,0
0,0,0,0,0,0,0,0,0,0,0,0,0,0,0,0,0,0,0,0,0,0,0,0,0,0,0,0
0,0,0,0,0,0,0,0,0,0,0,0,0,0,0,0,0,0,0,0,0,0,0,0,0,0,0,0
0,0,0,0,0,0,0,0,0,0,0,35,131,247,255,163,47,0,0,0,0,0,0,0,0,0,0,0
0,0,0,0,0,0,0,0,0,67,231,255,255,255,255,255,255,223,39,0,0,0,0,0,0,0,0,0
0,0,0,0,0,0,0,0,107,251,255,255,255,255,255,255,255,255,243,59,0,0,0,0,0,0,0,0
0,0,0,0,0,0,0,0,255,255,255,199,127,103,139,255,255,255,255,231,0,0,0,0,0,0,0,0
0,0,0,0,0,0,31,243,255,207,23,0,0,0,0,0,0,251,255,255,147,0,0,0,0,0,0,0
0,0,0,0,0,0,191,255,223,23,0,0,0,0,0,0,0,83,251,255,255,55,0,0,0,0,0,0
0,0,0,0,0,0,255,255,0,0,0,0,0,0,0,0,0,0,7,231,255,255,0,0,0,0,0,0
0,0,0,0,0,63,255,255,0,0,0,0,0,0,0,0,0,0,0,115,255,255,0,0,0,0,0,0
0,0,0,0,0,151,255,195,0,0,0,0,0,0,0,0,0,0,0,23,255,255,0,0,0,0,0,0
0,0,0,0,0,223,255,79,0,0,0,0,0,0,0,0,0,0,0,0,255,255,63,0,0,0,0,0
0,0,0,0,0,223,255,63,0,0,0,0,0,0,0,0,0,0,0,0,255,255,63,0,0,0,0,0
0,0,0,0,0,179,255,107,0,0,0,0,0,0,0,0,0,0,0,0,255,255,23,0,0,0,0,0
0,0,0,0,0,127,255,175,0,0,0,0,0,0,0,0,0,0,0,3,255,255,0,0,0,0,0,0
0,0,0,0,0,59,255,247,0,0,0,0,0,0,0,0,0,0,0,95,255,255,0,0,0,0,0,0
0,0,0,0,0,0,255,255,63,0,0,0,0,0,0,0,0,0,179,255,255,247,0,0,0,0,0,0
0,0,0,0,0,0,215,255,243,55,0,0,0,0,0,0,0,79,255,255,255,147,0,0,0,0,0,0
0,0,0,0,0,0,0,87,255,255,255,83,7,0,0,19,127,255,255,255,107,0,0,0,0,0,0,0
0,0,0,0,0,0,0,0,251,255,255,255,247,187,191,251,255,255,255,255,0,0,0,0,0,0,0,0
0,0,0,0,0,0,0,0,59,223,255,255,255,255,255,255,255,255,255,163,0,0,0,0,0,0,0,0
0,0,0,0,0,0,0,0,0,0,0,99,175,255,255,255,215,27,0,0,0,0,0,0,0,0,0,0
0,0,0,0,0,0,0,0,0,0,0,0,0,0,0,0,0,0,0,0,0,0,0,0,0,0,0,0
0,0,0,0,0,0,0,0,0,0,0,0,0,0,0,0,0,0,0,0,0,0,0,0,0,0,0,0
0,0,0,0,0,0,0,0,0,0,0,0,0,0,0,0,0,0,0,0,0,0,0,0,0,0,0,0
0,0,0,0,0,0,0,0,0,0,0,0,0,0,0,0,0,0,0,0,0,0,0,0,0,0,0,0
0,0,0,0,0,0,0,0,0,0,0,0,0,0,0,0,0,0,0,0,0,0,0,0,0,0,0,0
0,0,0,0,0,0,0,0,0,0,0,0,0,0,0,0,0,0,0,0,0,0,0,0,0,0,0,0
0,0,0,0,0,0,0,0,0,0,0,0,0,0,0,0,0,0,0,0,0,0,0,0,0,0,0,0
0,0,0,0,0,0,0,0,0,0,0,0,0,0,0,0,0,0,0,0,0,0,0,0,0,0,0,0
0,0,0,0,0,0,0,0,0,0,0,0,0,0,0,0,0,0,0,0,0,0,0,0,0,0,0,0
0,0,0,0,0,0,0,0,0,0,0,0,0,0,0,0,255,31,0,0,0,0,0,0,0,0,0,0
0,0,0,0,0,0,0,0,0,0,0,0,0,0,0,79,255,63,0,0,0,0,0,0,0,0,0,0
0,0,0,0,0,0,0,0,0,0,0,0,0,0,0,179,255,19,0,0,0,0,0,0,0,0,0,0
0,0,0,0,0,0,0,0,0,0,0,0,0,0,0,255,255,0,0,0,0,0,0,0,0,0,0,0
0,0,0,0,0,0,0,0,0,0,0,0,0,0,0,255,255,0,0,0,0,0,0,0,0,0,0,0
0,0,0,0,0,0,0,0,0,0,0,0,0,0,255,255,255,0,0,0,0,0,0,0,0,0,0,0
0,0,0,0,0,0,0,0,0,0,0,0,0,251,255,255,255,0,0,0,0,0,0,0,0,0,0,0
0,0,0,0,0,0,0,0,0,0,0,0,243,255,255,255,243,0,0,0,0,0,0,0,0,0,0,0
0,0,0,0,0,0,0,0,0,0,0,231,255,255,255,255,179,0,0,0,0,0,0,0,0,0,0,0
0,0,0,0,0,0,0,0,0,0,215,255,215,0,255,255,111,0,0,0,0,0,0,0,0,0,0,0
0,0,0,0,0,0,0,0,0,211,255,251,0,0,255,255,39,0,0,0,0,0,0,0,0,0,0,0
0,0,0,0,0,0,0,0,159,255,255,0,0,0,255,255,0,0,0,0,0,0,0,0,0,0,0,0
0,0,0,0,0,0,0,0,255,247,0,0,0,0,255,255,0,0,0,0,0,0,0,0,0,0,0,0
0,0,0,0,0,0,0,0,0,0,0,0,0,0,255,255,0,0,0,0,0,0,0,0,0,0,0,0
0,0,0,0,0,0,0,0,0,0,0,0,0,43,255,251,0,0,0,0,0,0,0,0,0,0,0,0
0,0,0,0,0,0,0,0,0,0,0,0,0,91,255,171,0,0,0,0,0,0,0,0,0,0,0,0
0,0,0,0,0,0,0,0,0,0,0,0,0,127,255,79,0,0,0,0,0,0,0,0,0,0,0,0
0,0,0,0,0,0,0,0,0,0,0,0,0,159,255,0,0,0,0,0,0,0,0,0,0,0,0,0
0,0,0,0,0,0,0,0,0,0,0,0,0,127,255,0,0,0,0,0,0,0,0,0,0,0,0,0
0,0,0,0,0,0,0,0,0,0,0,0,0,0,3,0,0,0,0,0,0,0,0,0,0,0,0,0
0,0,0,0,0,0,0,0,0,0,0,0,0,0,0,0,0,0,0,0,0,0,0,0,0,0,0,0
0,0,0,0,0,0,0,0,0,0,0,0,0,0,0,0,0,0,0,0,0,0,0,0,0,0,0,0
0,0,0,0,0,0,0,0,0,0,0,0,0,0,0,0,0,0,0,0,0,0,0,0,0,0,0,0
0,0,0,0,0,0,0,0,0,0,0,0,0,0,0,0,0,0,0,0,0,0,0,0,0,0,0,0
0,0,0,0,0,0,0,0,0,0,0,0,0,3,63,63,0,0,0,0,0,0,0,0,0,0,0,0
0,0,0,0,0,0,0,0,0,0,0,0,211,255,255,255,255,59,0,0,0,0,0,0,0,0,0,0
0,0,0,0,0,0,0,0,0,0,0,75,255,195,0,15,255,255,0,0,0,0,0,0,0,0,0,0
0,0,0,0,0,0,0,0,0,0,0,191,255,0,0,0,79,255,199,0,0,0,0,0,0,0,0,0
0,0,0,0,0,0,0,0,0,0,0,155,243,0,0,0,0,255,255,0,0,0,0,0,0,0,0,0
0,0,0,0,0,0,0,0,0,0,0,83,155,0,0,0,0,255,255,0,0,0,0,0,0,0,0,0
0,0,0,0,0,0,0,0,0,0,0,0,0,0,0,0,0,215,255,11,0,0,0,0,0,0,0,0
0,0,0,0,0,0,0,0,0,0,0,0,0,0,0,0,0,159,255,39,0,0,0,0,0,0,0,0
0,0,0,0,0,0,0,0,0,0,0,0,0,0,0,0,0,199,255,31,0,0,0,0,0,0,0,0
0,0,0,0,0,0,0,0,0,0,0,0,0,0,0,0,0,255,255,0,0,0,0,0,0,0,0,0
0,0,0,0,0,0,0,0,0,0,0,0,0,0,0,0,0,255,255,0,0,0,0,0,0,0,0,0
0,0,0,0,0,0,0,0,0,0,0,0,0,0,0,0,0,255,255,0,0,0,0,0,0,0,0,0
0,0,0,0,0,0,0,0,0,0,0,0,0,0,0,0,151,255,123,0,0,0,0,0,0,0,0,0
0,0,0,0,0,0,0,0,0,0,0,0,0,0,0,0,255,255,0,0,0,0,0,0,0,0,0,0
0,0,0,0,0,123,191,163,27,0,0,0,0,0,0,163,255,3,0,0,0,0,0,0,0,0,0,0
0,0,0,0,27,255,255,255,251,79,3,0,0,0,111,255,247,0,0,0,0,0,0,0,0,0,0,0
0,0,0,0,119,255,255,255,255,255,255,255,191,243,255,255,19,0,0,0,0,0,0,0,0,0,0,0
0,0,0,0,0,255,255,255,255,255,255,255,255,255,255,255,255,135,55,0,0,0,0,0,0,0,0,0
0,0,0,0,0,15,251,255,255,255,255,255,255,255,255,255,255,255,255,255,119,0,0,0,0,0,0,0
0,0,0,0,0,0,0,0,0,0,0,0,0,0,0,0,15,139,243,255,23,0,0,0,0,0,0,0
0,0,0,0,0,0,0,0,0,0,0,0,0,0,0,0,0,0,0,0,0,0,0,0,0,0,0,0
0,0,0,0,0,0,0,0,0,0,0,0,0,0,0,0,0,0,0,0,0,0,0,0,0,0,0,0
0,0,0,0,0,0,0,0,0,0,0,0,0,0,0,0,0,0,0,0,0,0,0,0,0,0,0,0
0,0,0,0,0,0,0,0,0,0,0,0,0,0,0,0,0,0,0,0,0,0,0,0,0,0,0,0
0,0,0,0,0,0,0,0,0,0,0,0,0,0,0,0,0,0,0,0,0,0,0,0,0,0,0,0
0,0,0,0,0,0,0,0,0,0,0,0,0,0,0,0,0,0,0,0,0,0,0,0,0,0,0,0
0,0,0,0,0,0,0,0,0,0,0,0,0,0,0,0,0,0,0,0,0,0,0,0,0,0,0,0
0,0,0,0,0,0,0,0,0,0,0,0,0,0,0,0,0,0,0,0,0,0,0,0,0,0,0,0
0,0,0,0,0,0,0,0,0,0,0,0,0,0,0,0,0,0,0,0,0,0,0,0,0,0,0,0
0,0,0,0,0,0,0,0,0,0,0,0,0,0,0,0,0,0,0,0,0,0,0,0,0,0,0,0
0,0,0,0,0,0,0,0,0,0,0,0,0,0,0,0,0,0,0,0,0,0,0,0,0,0,0,0
0,0,0,0,0,0,0,0,0,27,31,31,31,31,31,11,0,0,0,0,0,0,0,0,0,0,0,0
0,0,0,0,0,0,0,0,255,255,255,255,255,255,255,255,251,0,0,0,0,0,0,0,0,0,0,0
0,0,0,0,0,0,0,0,255,239,103,31,0,11,39,167,255,239,0,0,0,0,0,0,0,0,0,0
0,0,0,0,0,0,0,0,47,79,0,0,0,0,0,0,79,255,0,0,0,0,0,0,0,0,0,0
0,0,0,0,0,0,0,0,0,0,0,0,0,0,0,0,163,255,0,0,0,0,0,0,0,0,0,0
0,0,0,0,0,0,0,0,0,0,0,0,0,0,0,0,255,255,0,0,0,0,0,0,0,0,0,0
0,0,0,0,0,0,0,0,0,0,0,0,0,79,175,255,255,59,0,0,0,0,0,0,0,0,0,0
0,0,0,0,0,0,0,0,0,83,199,255,255,255,255,251,0,0,0,0,0,0,0,0,0,0,0,0
0,0,0,0,0,0,0,0,0,255,255,255,255,255,255,171,0,0,0,0,0,0,0,0,0,0,0,0
0,0,0,0,0,0,0,0,0,0,63,191,255,255,255,255,255,111,0,0,0,0,0,0,0,0,0,0
0,0,0,0,0,0,0,0,0,0,0,0,63,183,247,255,255,255,3,0,0,0,0,0,0,0,0,0
0,0,0,0,0,0,0,0,0,0,0,0,0,0,0,0,199,255,255,0,0,0,0,0,0,0,0,0
0,0,0,0,0,0,0,0,0,0,0,0,0,0,0,0,0,111,255,231,0,0,0,0,0,0,0,0
0,0,0,0,0,0,0,39,239,0,0,0,0,0,0,0,0,0,251,255,0,0,0,0,0,0,0,0
0,0,0,0,0,0,0,223,255,231,0,0,0,0,0,0,0,0,151,255,59,0,0,0,0,0,0,0
0,0,0,0,0,0,0,111,255,255,47,0,0,0,0,0,0,0,127,255,63,0,0,0,0,0,0,0
0,0,0,0,0,0,0,0,63,255,255,171,0,0,0,0,0,0,251,255,19,0,0,0,0,0,0,0
0,0,0,0,0,0,0,0,0,11,255,255,255,227,187,159,203,255,255,251,0,0,0,0,0,0,0,0
0,0,0,0,0,0,0,0,0,0,0,127,255,255,255,255,255,255,207,0,0,0,0,0,0,0,0,0
0,0,0,0,0,0,0,0,0,0,0,0,0,0,0,7,0,0,0,0,0,0,0,0,0,0,0,0
0,0,0,0,0,0,0,0,0,0,0,0,0,0,0,0,0,0,0,0,0,0,0,0,0,0,0,0
0,0,0,0,0,0,0,0,0,0,0,0,0,0,0,0,0,0,0,0,0,0,0,0,0,0,0,0
0,0,0,0,0,0,0,0,0,0,0,0,0,0,0,0,0,0,0,0,0,0,0,0,0,0,0,0
0,0,0,0,0,0,0,0,0,0,0,0,0,0,0,0,0,0,0,0,0,0,0,0,0,0,0,0
0,0,0,0,0,0,0,0,0,0,0,0,0,0,0,0,0,0,0,0,0,0,0,0,0,0,0,0
0,0,0,0,0,0,0,0,0,0,0,0,0,0,0,0,0,0,0,0,0,0,0,0,0,0,0,0
0,0,0,0,0,0,0,0,0,0,0,0,0,0,0,0,0,0,0,0,0,0,0,0,0,0,0,0
0,0,0,0,0,0,0,0,0,107,255,0,0,0,0,0,0,0,0,0,0,0,0,0,0,0,0,0
0,0,0,0,0,0,0,0,0,255,255,0,0,0,0,0,0,0,0,0,0,0,0,0,0,0,0,0
0,0,0,0,0,0,0,0,7,255,255,0,0,0,0,0,0,0,0,0,0,0,0,0,0,0,0,0
0,0,0,0,0,0,0,0,159,255,159,0,0,0,0,0,0,0,0,0,0,0,0,0,0,0,0,0
0,0,0,0,0,0,0,0,255,255,0,0,0,0,0,0,0,0,0,0,0,0,0,0,0,0,0,0
0,0,0,0,0,0,0,0,255,255,0,0,0,0,0,0,0,0,91,247,0,0,0,0,0,0,0,0
0,0,0,0,0,0,0,0,255,119,0,0,0,0,0,0,0,0,255,255,0,0,0,0,0,0,0,0
0,0,0,0,0,0,0,0,255,63,0,0,0,0,0,0,0,23,255,255,0,0,0,0,0,0,0,0
0,0,0,0,0,0,0,0,255,75,0,0,0,0,0,0,0,251,255,239,0,0,0,0,0,0,0,0
0,0,0,0,0,0,0,0,255,179,0,0,0,0,0,0,103,255,255,127,0,0,0,0,0,0,0,0
0,0,0,0,0,0,0,0,255,255,0,0,0,0,0,39,255,255,255,23,0,0,0,0,0,0,0,0
0,0,0,0,0,0,0,0,155,255,215,0,0,0,115,255,255,255,255,0,0,0,0,0,0,0,0,0
0,0,0,0,0,0,0,0,0,255,255,255,255,255,255,255,255,255,255,0,0,0,0,0,0,0,0,0
0,0,0,0,0,0,0,0,0,55,255,255,255,255,255,183,0,247,255,0,0,0,0,0,0,0,0,0
0,0,0,0,0,0,0,0,0,0,3,147,203,151,0,0,0,191,255,31,0,0,0,0,0,0,0,0
0,0,0,0,0,0,0,0,0,0,0,0,0,0,0,0,0,191,255,111,0,0,0,0,0,0,0,0
0,0,0,0,0,0,0,0,0,0,0,0,0,0,0,0,0,191,255,187,0,0,0,0,0,0,0,0
0,0,0,0,0,0,0,0,0,0,0,0,0,0,0,0,0,171,255,247,0,0,0,0,0,0,0,0
0,0,0,0,0,0,0,0,0,0,0,0,0,0,0,0,0,119,255,255,0,0,0,0,0,0,0,0
0,0,0,0,0,0,0,0,0,0,0,0,0,0,0,0,0,7,255,39,0,0,0,0,0,0,0,0
0,0,0,0,0,0,0,0,0,0,0,0,0,0,0,0,0,0,0,0,0,0,0,0,0,0,0,0
0,0,0,0,0,0,0,0,0,0,0,0,0,0,0,0,0,0,0,0,0,0,0,0,0,0,0,0
0,0,0,0,0,0,0,0,0,0,0,0,0,0,0,0,0,0,0,0,0,0,0,0,0,0,0,0
0,0,0,0,0,0,0,0,0,0,0,0,0,0,0,0,0,0,0,0,0,0,0,0,0,0,0,0
0,0,0,0,0,0,0,0,0,0,0,0,0,0,0,0,0,0,0,0,0,0,0,0,0,0,0,0
0,0,0,0,0,0,0,0,0,0,0,0,0,0,0,0,0,0,0,0,0,0,0,0,0,0,0,0
0,0,0,0,0,0,0,0,0,0,0,0,0,0,0,0,0,0,0,0,0,0,0,0,0,0,0,0
0,0,0,0,0,0,0,0,0,0,0,0,0,0,0,0,0,0,0,0,0,0,0,0,0,0,0,0
0,0,0,0,0,0,0,0,0,0,0,0,0,0,0,0,0,0,0,0,0,0,0,0,0,0,0,0
0,0,0,0,0,0,0,0,0,0,0,79,255,255,255,255,255,255,255,255,255,35,0,0,0,0,0,0
0,0,0,0,0,0,0,0,0,0,0,255,255,255,255,255,255,255,255,255,255,255,0,0,0,0,0,0
0,0,0,0,0,0,0,0,0,0,0,195,255,0,0,0,0,0,0,0,0,0,0,0,0,0,0,0
0,0,0,0,0,0,0,0,0,0,0,255,247,0,0,0,0,0,0,0,0,0,0,0,0,0,0,0
0,0,0,0,0,0,0,0,0,0,0,255,35,0,0,0,0,0,0,0,0,0,0,0,0,0,0,0
0,0,0,0,0,0,0,0,0,0,159,255,0,0,0,0,0,0,0,0,0,0,0,0,0,0,0,0
0,0,0,0,0,0,0,0,0,0,255,131,0,0,0,0,0,0,0,0,0,0,0,0,0,0,0,0
0,0,0,0,0,0,0,0,0,255,255,255,255,255,131,0,0,0,0,0,0,0,0,0,0,0,0,0
0,0,0,0,0,0,0,0,0,171,255,255,255,255,255,255,195,0,0,0,0,0,0,0,0,0,0,0
0,0,0,0,0,0,0,0,0,0,0,0,0,35,163,255,255,191,0,0,0,0,0,0,0,0,0,0
0,0,0,0,0,0,0,0,0,0,0,0,0,0,0,0,67,255,187,0,0,0,0,0,0,0,0,0
0,0,0,0,0,0,0,0,0,0,0,0,0,0,0,0,0,211,255,23,0,0,0,0,0,0,0,0
0,0,0,0,0,0,0,0,0,0,0,0,0,0,0,0,0,0,255,235,0,0,0,0,0,0,0,0
0,0,0,0,0,0,83,0,0,0,0,0,0,0,0,0,0,0,255,255,0,0,0,0,0,0,0,0
0,0,0,0,0,0,255,0,0,0,0,0,0,0,0,0,0,0,255,255,0,0,0,0,0,0,0,0
0,0,0,0,0,0,255,0,0,0,0,0,0,0,0,0,0,0,255,255,0,0,0,0,0,0,0,0
0,0,0,0,0,0,255,27,0,0,0,0,0,0,0,0,0,199,255,255,0,0,0,0,0,0,0,0
0,0,0,0,0,0,243,255,235,99,0,0,0,0,0,0,147,255,255,31,0,0,0,0,0,0,0,0
0,0,0,0,0,0,0,251,255,255,255,255,255,255,255,255,255,255,59,0,0,0,0,0,0,0,0,0
0,0,0,0,0,0,0,0,63,239,255,255,255,255,255,255,255,0,0,0,0,0,0,0,0,0,0,0
0,0,0,0,0,0,0,0,0,0,0,0,0,0,0,0,0,0,0,0,0,0,0,0,0,0,0,0
0,0,0,0,0,0,0,0,0,0,0,0,0,0,0,0,0,0,0,0,0,0,0,0,0,0,0,0
0,0,0,0,0,0,0,0,0,0,0,0,0,0,0,0,0,0,0,0,0,0,0,0,0,0,0,0
0,0,0,0,0,0,0,0,0,0,0,0,0,0,0,0,0,0,0,0,0,0,0,0,0,0,0,0
0,0,0,0,0,0,0,0,0,0,0,0,0,0,0,0,0,0,0,0,0,0,0,0,0,0,0,0
0,0,0,0,0,0,0,0,0,0,0,0,0,0,0,0,0,0,0,0,0,0,0,0,0,0,0,0
0,0,0,0,0,0,0,0,0,0,0,0,0,0,0,0,0,0,0,0,0,0,0,0,0,0,0,0
0,0,0,0,0,0,0,0,0,0,0,0,0,0,0,91,255,255,255,255,55,0,0,0,0,0,0,0
0,0,0,0,0,0,0,0,0,0,0,0,0,3,251,255,255,239,251,255,211,0,0,0,0,0,0,0
0,0,0,0,0,0,0,0,0,0,0,0,23,255,255,183,0,0,0,103,19,0,0,0,0,0,0,0
0,0,0,0,0,0,0,0,0,0,0,23,255,255,43,0,0,0,0,0,0,0,0,0,0,0,0,0
0,0,0,0,0,0,0,0,0,0,0,255,255,11,0,0,0,0,0,0,0,0,0,0,0,0,0,0
0,0,0,0,0,0,0,0,0,0,239,255,27,0,0,0,0,0,0,0,0,0,0,0,0,0,0,0
0,0,0,0,0,0,0,0,0,71,255,131,0,0,0,0,0,0,0,0,0,0,0,0,0,0,0,0
0,0,0,0,0,0,0,0,0,255,255,0,0,0,0,0,0,0,0,0,0,0,0,0,0,0,0,0
0,0,0,0,0,0,0,0,47,255,199,83,199,255,255,231,151,3,0,0,0,0,0,0,0,0,0,0
0,0,0,0,0,0,0,0,227,255,255,255,255,255,255,255,255,255,179,0,0,0,0,0,0,0,0,0
0,0,0,0,0,0,0,0,255,255,255,95,0,0,0,0,31,255,255,175,0,0,0,0,0,0,0,0
0,0,0,0,0,0,0,0,255,255,0,0,0,0,0,0,0,11,255,255,0,0,0,0,0,0,0,0
0,0,0,0,0,0,0,0,255,79,0,0,0,0,0,0,0,0,143,255,135,0,0,0,0,0,0,0
0,0,0,0,0,0,0,0,255,119,0,0,0,0,0,0,0,0,0,255,211,0,0,0,0,0,0,0
0,0,0,0,0,0,0,0,255,255,0,0,0,0,0,0,0,0,43,255,199,0,0,0,0,0,0,0
0,0,0,0,0,0,0,0,251,255,71,0,0,0,0,0,0,0,247,255,99,0,0,0,0,0,0,0
0,0,0,0,0,0,0,0,63,255,255,135,0,0,0,0,19,247,255,255,0,0,0,0,0,0,0,0
0,0,0,0,0,0,0,0,0,219,255,255,255,255,255,255,255,255,255,11,0,0,0,0,0,0,0,0
0,0,0,0,0,0,0,0,0,0,175,255,255,255,255,255,255,143,0,0,0,0,0,0,0,0,0,0
0,0,0,0,0,0,0,0,0,0,0,0,0,11,0,0,0,0,0,0,0,0,0,0,0,0,0,0
0,0,0,0,0,0,0,0,0,0,0,0,0,0,0,0,0,0,0,0,0,0,0,0,0,0,0,0
0,0,0,0,0,0,0,0,0,0,0,0,0,0,0,0,0,0,0,0,0,0,0,0,0,0,0,0
0,0,0,0,0,0,0,0,0,0,0,0,0,0,0,0,0,0,0,0,0,0,0,0,0,0,0,0
0,0,0,0,0,0,0,0,0,0,0,0,0,0,0,0,0,0,0,0,0,0,0,0,0,0,0,0
0,0,0,0,0,0,0,0,0,0,0,0,0,0,0,0,0,0,0,0,0,0,0,0,0,0,0,0
0,0,0,0,0,0,0,0,0,0,0,0,0,0,0,0,0,0,0,0,0,0,0,0,0,0,0,0
0,0,0,0,0,0,0,0,0,0,0,0,0,0,0,0,0,0,0,0,0,0,0,0,0,0,0,0
0,0,0,0,0,0,0,0,0,0,0,0,0,0,0,0,0,0,0,0,0,0,0,0,0,0,0,0
0,0,0,0,0,0,0,0,0,0,0,0,0,0,0,0,0,0,0,0,0,0,0,0,0,0,0,0
0,0,0,0,0,0,0,0,0,0,0,0,0,0,0,0,0,0,0,0,0,0,0,0,0,0,0,0
0,0,0,0,0,0,0,3,171,127,87,63,31,31,0,31,15,0,0,0,0,0,0,0,0,0,0,0
0,0,0,0,0,0,0,55,255,255,255,255,255,255,255,255,127,0,0,0,0,0,0,0,0,0,0,0
0,0,0,0,0,0,0,0,0,11,31,31,0,0,63,255,127,0,0,0,0,0,0,0,0,0,0,0
0,0,0,0,0,0,0,0,0,0,0,0,0,0,31,255,127,0,0,0,0,0,0,0,0,0,0,0
0,0,0,0,0,0,0,0,0,0,0,0,0,0,31,255,119,0,0,0,0,0,0,0,0,0,0,0
0,0,0,0,0,0,0,0,0,0,0,0,0,0,31,255,95,0,0,0,0,0,0,0,0,0,0,0
0,0,0,0,0,0,0,0,0,0,0,0,0,0,67,255,43,0,0,0,0,0,0,0,0,0,0,0
0,0,0,0,0,0,0,0,0,0,0,0,0,0,163,255,0,0,0,0,0,0,0,0,0,0,0,0
0,0,0,0,0,0,0,0,0,0,0,0,0,0,255,255,0,0,0,0,0,0,0,0,0,0,0,0
0,0,0,0,0,0,0,0,0,251,255,255,255,255,255,255,255,255,255,39,0,0,0,0,0,0,0,0
0,0,0,0,0,0,0,0,0,255,255,255,255,255,255,255,255,255,255,147,0,0,0,0,0,0,0,0
0,0,0,0,0,0,0,0,0,0,0,0,0,87,255,255,0,95,255,103,0,0,0,0,0,0,0,0
0,0,0,0,0,0,0,0,0,0,0,0,0,79,255,171,0,0,0,0,0,0,0,0,0,0,0,0
0,0,0,0,0,0,0,0,0,0,0,0,0,139,255,59,0,0,0,0,0,0,0,0,0,0,0,0
0,0,0,0,0,0,0,0,0,0,0,0,0,231,255,0,0,0,0,0,0,0,0,0,0,0,0,0
0,0,0,0,0,0,0,0,0,0,0,0,0,255,255,0,0,0,0,0,0,0,0,0,0,0,0,0
0,0,0,0,0,0,0,0,0,0,0,0,0,255,255,0,0,0,0,0,0,0,0,0,0,0,0,0
0,0,0,0,0,0,0,0,0,0,0,0,23,255,187,0,0,0,0,0,0,0,0,0,0,0,0,0
0,0,0,0,0,0,0,0,0,0,0,0,103,255,79,0,0,0,0,0,0,0,0,0,0,0,0,0
0,0,0,0,0,0,0,0,0,0,0,0,0,3,0,0,0,0,0,0,0,0,0,0,0,0,0,0
0,0,0,0,0,0,0,0,0,0,0,0,0,0,0,0,0,0,0,0,0,0,0,0,0,0,0,0
0,0,0,0,0,0,0,0,0,0,0,0,0,0,0,0,0,0,0,0,0,0,0,0,0,0,0,0
0,0,0,0,0,0,0,0,0,0,0,0,0,0,0,0,0,0,0,0,0,0,0,0,0,0,0,0
0,0,0,0,0,0,0,0,0,0,0,0,0,0,0,0,0,0,0,0,0,0,0,0,0,0,0,0
0,0,0,0,0,0,0,0,0,0,0,0,0,0,0,0,0,0,0,0,0,0,0,0,0,0,0,0
0,0,0,0,0,0,0,0,0,0,0,0,0,0,0,0,0,0,0,0,0,0,0,0,0,0,0,0
0,0,0,0,0,0,0,0,0,0,0,0,0,0,0,0,0,0,0,0,0,0,0,0,0,0,0,0
0,0,0,0,0,0,0,0,0,0,0,0,0,43,43,0,0,0,0,0,0,0,0,0,0,0,0,0
0,0,0,0,0,0,0,0,0,0,0,43,255,255,255,255,231,0,0,0,0,0,0,0,0,0,0,0
0,0,0,0,0,0,0,0,0,0,83,255,255,255,231,255,255,251,0,0,0,0,0,0,0,0,0,0
0,0,0,0,0,0,0,0,0,15,255,255,27,0,0,0,255,255,0,0,0,0,0,0,0,0,0,0
0,0,0,0,0,0,0,0,0,235,255,59,0,0,0,0,255,255,0,0,0,0,0,0,0,0,0,0
0,0,0,0,0,0,0,0,0,251,255,0,0,0,0,19,255,191,0,0,0,0,0,0,0,0,0,0
0,0,0,0,0,0,0,0,0,155,255,111,0,0,0,255,251,0,0,0,0,0,0,0,0,0,0,0
0,0,0,0,0,0,0,0,0,0,243,255,211,0,251,255,0,0,0,0,0,0,0,0,0,0,0,0
0,0,0,0,0,0,0,0,0,0,0,167,255,255,255,155,0,0,0,0,0,0,0,0,0,0,0,0
0,0,0,0,0,0,0,0,0,0,0,0,219,255,255,191,0,0,0,0,0,0,0,0,0,0,0,0
0,0,0,0,0,0,0,0,0,0,0,143,255,187,203,255,143,0,0,0,0,0,0,0,0,0,0,0
0,0,0,0,0,0,0,0,0,0,43,255,247,0,0,43,255,207,0,0,0,0,0,0,0,0,0,0
0,0,0,0,0,0,0,0,0,0,255,255,51,0,0,0,11,255,223,0,0,0,0,0,0,0,0,0
0,0,0,0,0,0,0,0,0,0,255,255,0,0,0,0,0,67,255,99,0,0,0,0,0,0,0,0
0,0,0,0,0,0,0,0,0,0,255,255,0,0,0,0,0,0,255,255,0,0,0,0,0,0,0,0
0,0,0,0,0,0,0,0,0,0,147,255,147,0,0,0,0,0,171,255,0,0,0,0,0,0,0,0
0,0,0,0,0,0,0,0,0,0,0,255,255,39,0,0,0,0,195,255,0,0,0,0,0,0,0,0
0,0,0,0,0,0,0,0,0,0,0,3,255,255,183,11,3,183,255,215,0,0,0,0,0,0,0,0
0,0,0,0,0,0,0,0,0,0,0,0,0,175,255,255,255,255,251,0,0,0,0,0,0,0,0,0
0,0,0,0,0,0,0,0,0,0,0,0,0,0,0,0,11,0,0,0,0,0,0,0,0,0,0,0
0,0,0,0,0,0,0,0,0,0,0,0,0,0,0,0,0,0,0,0,0,0,0,0,0,0,0,0
0,0,0,0,0,0,0,0,0,0,0,0,0,0,0,0,0,0,0,0,0,0,0,0,0,0,0,0
0,0,0,0,0,0,0,0,0,0,0,0,0,0,0,0,0,0,0,0,0,0,0,0,0,0,0,0
0,0,0,0,0,0,0,0,0,0,0,0,0,0,0,0,0,0,0,0,0,0,0,0,0,0,0,0
0,0,0,0,0,0,0,0,0,0,0,0,0,0,0,0,0,0,0,0,0,0,0,0,0,0,0,0
0,0,0,0,0,0,0,0,0,0,0,0,0,0,0,0,0,0,0,0,0,0,0,0,0,0,0,0
0,0,0,0,0,0,0,0,0,0,0,0,0,0,0,0,0,0,0,0,0,0,0,0,0,0,0,0
0,0,0,0,0,0,0,0,0,0,0,0,0,0,0,0,0,0,0,0,0,0,0,0,0,0,0,0
0,0,0,0,0,0,0,0,0,0,0,0,0,0,0,0,0,0,0,0,0,0,0,0,0,0,0,0
0,0,0,0,0,0,0,0,0,0,0,0,0,0,0,0,0,0,0,0,0,0,0,0,0,0,0,0
0,0,0,0,0,0,0,0,0,0,0,15,191,255,215,59,0,0,0,0,0,0,0,0,0,0,0,0
0,0,0,0,0,0,0,0,0,0,123,255,255,255,255,255,243,0,0,0,0,0,0,0,0,0,0,0
0,0,0,0,0,0,0,0,0,23,255,243,0,0,0,119,255,203,0,0,0,0,0,0,0,0,0,0
0,0,0,0,0,0,0,0,0,231,255,3,0,0,0,0,255,255,0,0,0,0,0,0,0,0,0,0
0,0,0,0,0,0,0,0,0,255,255,0,0,0,0,7,255,255,0,0,0,0,0,0,0,0,0,0
0,0,0,0,0,0,0,0,0,255,255,0,0,0,0,147,255,255,0,0,0,0,0,0,0,0,0,0
0,0,0,0,0,0,0,0,0,255,255,0,0,0,0,255,255,255,0,0,0,0,0,0,0,0,0,0
0,0,0,0,0,0,0,0,0,203,255,183,0,0,0,255,255,239,0,0,0,0,0,0,0,0,0,0
0,0,0,0,0,0,0,0,0,0,255,255,231,103,167,255,255,183,0,0,0,0,0,0,0,0,0,0
0,0,0,0,0,0,0,0,0,0,0,115,255,255,255,255,255,127,0,0,0,0,0,0,0,0,0,0
0,0,0,0,0,0,0,0,0,0,0,0,0,0,0,227,255,83,0,0,0,0,0,0,0,0,0,0
0,0,0,0,0,0,0,0,0,0,0,0,0,0,0,159,255,35,0,0,0,0,0,0,0,0,0,0
0,0,0,0,0,0,0,0,0,0,0,0,0,0,0,127,255,3,0,0,0,0,0,0,0,0,0,0
0,0,0,0,0,0,0,0,0,0,0,0,0,0,0,147,255,0,0,0,0,0,0,0,0,0,0,0
0,0,0,0,0,0,0,0,0,0,0,0,0,0,0,159,255,0,0,0,0,0,0,0,0,0,0,0
0,0,0,0,0,0,0,0,0,0,0,0,0,0,0,167,255,0,0,0,0,0,0,0,0,0,0,0
0,0,0,0,0,0,0,0,0,0,0,0,0,0,0,187,255,0,0,0,0,0,0,0,0,0,0,0
0,0,0,0,0,0,0,0,0,0,0,0,0,0,0,159,255,0,0,0,0,0,0,0,0,0,0,0
0,0,0,0,0,0,0,0,0,0,0,0,0,0,0,107,255,35,0,0,0,0,0,0,0,0,0,0
0,0,0,0,0,0,0,0,0,0,0,0,0,0,0,0,27,0,0,0,0,0,0,0,0,0,0,0
0,0,0,0,0,0,0,0,0,0,0,0,0,0,0,0,0,0,0,0,0,0,0,0,0,0,0,0
0,0,0,0,0,0,0,0,0,0,0,0,0,0,0,0,0,0,0,0,0,0,0,0,0,0,0,0
